,City,Country,Date,Latitude,Longitude,Cloudiness (%),Humidity (%),Max Temp (F),Wind Speed (mph)
0,tsihombe,,,,,,,,
1,vila do maio,CV,2020-04-14 13:04:48,15.13,-23.22,75,51,82.66999999999996,10.3
2,feijo,BR,2020-04-14 13:04:49,-8.16,-70.35,6,48,91.54399999999998,2.52
3,taywarah,AF,2020-04-14 13:04:49,33.35,64.42,54,40,39.95600000000003,1.38
4,upernavik,GL,2020-04-14 13:04:49,72.79,-56.15,100,94,24.40399999999995,3.98
5,ushuaia,AR,2020-04-14 13:00:01,-54.8,-68.3,100,76,48.469999999999956,2.58
6,butaritari,KI,2020-04-14 13:04:49,3.07,172.79,37,80,83.89399999999998,7.9
7,amderma,,,,,,,,
8,saldanha,ZA,2020-04-14 13:04:49,-33.01,17.94,0,68,64.66999999999996,3.6
9,punta arenas,CL,2020-04-14 13:00:00,-53.15,-70.92,75,62,53.86999999999996,8.7
10,hithadhoo,MV,2020-04-14 13:04:50,-0.6,73.08,49,64,85.96400000000003,0.82
11,bluff,NZ,2020-04-14 13:04:50,-46.6,168.33,73,87,43.26799999999999,1.34
12,khorinsk,RU,2020-04-14 13:04:50,52.17,109.77,99,67,34.03399999999999,2.39
13,meulaboh,ID,2020-04-14 13:04:50,4.14,96.13,100,84,79.25,2.05
14,tasiilaq,GL,2020-04-14 13:04:50,65.61,-37.64,20,40,35.86999999999996,5.7
15,rikitea,PF,2020-04-14 13:04:50,-23.12,-134.97,40,70,76.02799999999996,3.71
16,husavik,IS,2020-04-14 13:04:50,66.04,-17.34,20,41,43.06999999999996,12.9
17,broken hill,AU,2020-04-14 13:04:50,-31.95,141.43,39,36,61.069999999999965,4.1
18,puerto ayora,EC,2020-04-14 13:04:51,-0.74,-90.35,75,78,82.66999999999996,2.1
19,berlevag,NO,2020-04-14 13:04:51,70.86,29.09,75,87,32.26999999999996,6.7
20,hermanus,ZA,2020-04-14 13:04:51,-34.42,19.23,1,82,65.26400000000004,3.98
21,touros,BR,2020-04-14 13:04:51,-5.2,-35.46,40,55,89.86999999999996,4.6
22,bredasdorp,ZA,2020-04-14 13:04:51,-34.53,20.04,0,77,61.26799999999999,1
23,vaini,TO,2020-04-14 13:04:51,-21.2,-175.2,40,94,71.86999999999996,1.5
24,busselton,AU,2020-04-14 13:04:51,-33.65,115.33,54,59,54.266000000000005,7.21
25,palmer,US,2020-04-14 13:04:52,42.16,-72.33,75,27,57.469999999999956,5.7
26,naze,JP,2020-04-14 13:04:52,28.37,129.48,96,93,50.26999999999996,1
27,castro,BR,2020-04-14 13:04:52,-24.79,-50.01,84,50,70.66400000000004,3.15
28,nizwa,OM,2020-04-14 13:01:45,22.93,57.53,14,23,83.53399999999999,0.72
29,avarua,CK,2020-04-14 13:04:52,-21.21,-159.78,65,69,77.26999999999995,3.6
30,toliary,,,,,,,,
31,arraial do cabo,BR,2020-04-14 13:04:52,-22.97,-42.03,3,61,82.66999999999996,8.2
32,samusu,,,,,,,,
33,srednekolymsk,RU,2020-04-14 13:04:53,67.45,153.68,39,89,-13.774000000000015,0.71
34,chipinge,ZW,2020-04-14 12:58:37,-20.19,32.62,0,50,66.86600000000001,3.07
35,taolanaro,,,,,,,,
36,hilo,US,2020-04-14 13:03:07,19.73,-155.09,90,88,71.86999999999996,4.51
37,yellowknife,CA,2020-04-14 13:01:27,62.46,-114.35,90,73,28.27400000000001,3.1
38,mahebourg,MU,2020-04-14 13:04:54,-20.41,57.7,75,88,77.26999999999995,8.2
39,tommot,RU,2020-04-14 13:04:54,58.96,126.29,2,93,24.961999999999954,0.94
40,nouadhibou,MR,2020-04-14 13:04:54,20.93,-17.03,0,53,71.86999999999996,9.8
41,mataura,NZ,2020-04-14 13:04:54,-46.19,168.86,77,87,43.26799999999999,1.34
42,torbay,CA,2020-04-14 13:01:32,47.67,-52.73,90,100,48.272000000000034,11.3
43,longyearbyen,SJ,2020-04-14 13:04:55,78.22,15.64,75,94,32.26999999999996,7.7
44,kapaa,US,2020-04-14 13:02:34,22.08,-159.32,75,94,71.86999999999996,2.6
45,east london,ZA,2020-04-14 13:03:36,-33.02,27.91,100,71,65.75,2.43
46,cidreira,BR,2020-04-14 13:04:56,-30.18,-50.21,38,59,68.82799999999997,11.07
47,amethi,IN,2020-04-14 13:04:56,26.15,81.82,59,23,89.33000000000004,0.95
48,severo-kurilsk,RU,2020-04-14 13:04:57,50.68,156.12,99,93,29.101999999999975,6.74
49,kruisfontein,ZA,2020-04-14 12:57:29,-34,24.73,3,86,57.469999999999956,3.08
50,albany,US,2020-04-14 13:04:57,42.6,-73.97,75,29,53.27599999999999,7.2
51,nikolayevka,RU,2020-04-14 13:04:57,53.13,47.2,66,62,47.04800000000002,4.29
52,bilibino,RU,2020-04-14 13:04:57,68.05,166.44,58,85,1.6519999999999762,0.77
53,georgetown,MY,2020-04-14 13:02:07,5.41,100.34,20,88,82.66999999999996,1
54,bandarbeyla,SO,2020-04-14 13:04:58,9.49,50.81,27,73,83.35399999999996,5.11
55,arawa,PG,2020-04-14 13:04:58,-6.21,155.54,100,79,79.53800000000004,0.92
56,codrington,AU,2020-04-14 13:04:58,-38.27,141.97,100,44,62.45600000000003,3.78
57,ostrovskoye,RU,2020-04-14 13:04:58,57.81,42.24,100,89,45.248000000000026,0.95
58,grand haven,US,2020-04-14 13:03:31,43.06,-86.23,40,34,38.26400000000003,7.7
59,tuktoyaktuk,CA,2020-04-14 13:04:58,69.45,-133.04,75,92,19.66999999999996,4.1
60,belushya guba,,,,,,,,
61,courtalam,,,,,,,,
62,atuona,PF,2020-04-14 13:04:59,-9.8,-139.03,39,66,82.75999999999999,1.37
63,san juan evangelista,MX,2020-04-14 13:04:59,17.9,-95.13,40,59,89.86999999999996,2.45
64,saint-philippe,RE,2020-04-14 13:04:59,-21.36,55.77,75,78,77.26999999999995,2.1
65,qaanaaq,GL,2020-04-14 13:04:59,77.48,-69.36,100,94,22.801999999999975,1.96
66,bethel,US,2020-04-14 13:01:55,41.37,-73.41,90,40,57.272000000000034,3.1
67,opunake,NZ,2020-04-14 13:04:59,-39.46,173.86,89,92,50.26999999999996,1.34
68,vostok,RU,2020-04-14 13:04:59,46.49,135.88,56,80,28.327999999999964,0.97
69,mao,ES,2020-04-14 13:05:00,39.89,4.27,20,82,59.26999999999996,5.7
70,dikson,RU,2020-04-14 13:05:00,73.51,80.55,99,96,11.317999999999984,4.82
71,burns lake,CA,2020-04-14 13:05:00,54.23,-125.75,99,62,45.733999999999995,2.42
72,dong hoi,VN,2020-04-14 13:05:00,17.48,106.6,100,84,70.44800000000004,1.03
73,grindavik,IS,2020-04-14 13:05:00,63.84,-22.43,90,65,41.26999999999996,10.8
74,dunedin,NZ,2020-04-14 13:05:00,-45.87,170.5,89,71,46.274000000000015,0.89
75,cayenne,GF,2020-04-14 13:00:04,4.93,-52.33,75,55,86.26999999999995,4.1
76,mount gambier,AU,2020-04-14 13:05:01,-37.83,140.77,100,44,61.069999999999965,5.1
77,saint-augustin,CA,2020-04-14 13:05:01,51.23,-58.65,97,90,39.34399999999997,8.71
78,dokka,NO,2020-04-14 13:05:01,60.84,10.06,100,72,35.27599999999999,5.36
79,vestmanna,FO,2020-04-14 13:05:01,62.16,-7.17,100,100,44.86999999999996,5.7
80,doka,SD,2020-04-14 13:05:01,13.52,35.77,86,10,85.74800000000002,4.1
81,menongue,AO,2020-04-14 13:05:02,-14.66,17.69,11,52,68.52200000000005,1.05
82,hirara,JP,2020-04-14 13:05:02,24.8,125.28,22,49,65.55199999999998,0.73
83,yar-sale,RU,2020-04-14 13:05:02,66.83,70.83,96,99,28.90399999999995,3.02
84,pevek,RU,2020-04-14 13:05:02,69.7,170.31,91,89,5.5400000000000205,0.76
85,barrow,US,2020-04-14 13:05:02,71.29,-156.79,90,85,12.46999999999996,2.6
86,tateyama,JP,2020-04-14 13:01:45,34.98,139.87,0,49,48.469999999999956,2.1
87,ilulissat,GL,2020-04-14 13:05:02,69.22,-51.1,75,74,28.66999999999996,1.5
88,cape town,ZA,2020-04-14 12:54:31,-33.93,18.42,0,77,65.26400000000004,3.6
89,giddalur,IN,2020-04-14 13:05:02,15.35,78.92,0,39,79.66400000000004,1.35
90,longyan,CN,2020-04-14 13:05:03,25.11,117.02,21,75,53.63599999999997,0.5
91,thompson,CA,2020-04-14 13:00:14,55.74,-97.86,40,48,17.86999999999996,6.2
92,dossor,KZ,2020-04-14 13:05:03,47.53,52.98,16,47,50.46799999999999,4.14
93,chokurdakh,RU,2020-04-14 13:05:03,70.63,147.92,52,89,-15.754000000000005,2.3
94,nishihara,JP,2020-04-14 13:05:03,26.18,127.76,75,55,64.66999999999996,0.56
95,muros,ES,2020-04-14 13:05:03,42.78,-9.06,40,93,66.27200000000005,1
96,dangtu,CN,2020-04-14 13:05:03,31.57,118.49,95,67,60.27799999999996,1
97,udachnyy,RU,2020-04-14 13:05:04,66.42,112.4,90,73,19.66999999999996,4
98,barentsburg,,,,,,,,
99,bolungarvik,,,,,,,,
100,port hardy,CA,2020-04-14 13:01:37,50.7,-127.42,40,71,52.069999999999965,2.1
101,haibowan,,,,,,,,
102,lebu,CL,2020-04-14 13:05:04,-37.62,-73.65,94,49,61.898000000000025,3.39
103,khatanga,RU,2020-04-14 13:05:04,71.97,102.5,9,91,-4.882000000000019,2.66
104,cedeno,CO,2020-04-14 13:05:05,7.05,-72.16,48,33,90.53599999999997,1.94
105,nizhneyansk,,,,,,,,
106,grand river south east,,,,,,,,
107,katsuura,JP,2020-04-14 13:05:05,35.13,140.3,0,49,48.469999999999956,2.1
108,strezhevoy,RU,2020-04-14 13:05:05,60.73,77.59,91,48,41.26999999999996,5
109,esperance,AU,2020-04-14 13:05:05,-33.87,121.9,75,93,61.069999999999965,3.1
110,geraldton,AU,2020-04-14 13:05:05,-28.77,114.6,40,77,64.66999999999996,4.1
111,zhitikara,,,,,,,,
112,camacupa,AO,2020-04-14 13:00:09,-12.02,17.48,94,59,66.326,0.92
113,hobart,AU,2020-04-14 13:03:49,-42.88,147.33,90,82,60.27799999999996,4.1
114,avera,US,2020-04-14 13:05:06,33.19,-82.53,1,50,81.26600000000002,4.1
115,bundaberg,AU,2020-04-14 13:05:06,-24.85,152.35,90,88,69.27799999999996,3.1
116,saint-joseph,RE,2020-04-14 13:05:06,-21.37,55.62,75,78,77.26999999999995,2.1
117,llangefni,GB,2020-04-14 13:05:06,53.26,-4.31,8,66,50.26999999999996,1
118,jamestown,US,2020-04-14 13:05:06,42.1,-79.24,1,40,43.26799999999999,3.1
119,leningradskiy,RU,2020-04-14 13:05:06,69.38,178.42,80,89,6.008000000000003,1.59
120,itamaraca,BR,2020-04-14 13:05:06,-7.75,-34.83,20,62,89.86999999999996,4.1
121,khani,GE,2020-04-14 13:05:06,41.96,42.96,62,47,57.469999999999956,2.6
122,illoqqortoormiut,,,,,,,,
123,port moresby,PG,2020-04-14 13:05:07,-9.44,147.18,40,100,75.46999999999997,1.5
124,palabuhanratu,,,,,,,,
125,constitucion,CL,2020-04-14 13:05:07,-35.33,-72.42,55,36,67.06400000000004,2.98
126,dicabisagan,PH,2020-04-14 13:05:07,17.08,122.42,92,80,75.092,0.96
127,daru,PG,2020-04-14 13:05:07,-9.08,143.21,78,84,80.042,4.27
128,phaphund,IN,2020-04-14 13:05:07,26.6,79.47,98,28,87.92599999999999,0.75
129,le vauclin,MQ,2020-04-14 13:05:08,14.55,-60.84,40,55,88.06999999999996,7.2
130,cabo san lucas,MX,2020-04-14 13:04:30,22.89,-109.91,5,47,82.27400000000002,3.1
131,keetmanshoop,NA,2020-04-14 13:05:08,-26.58,18.13,1,20,68.26999999999995,3.6
132,saint-francois,FR,2020-04-14 13:05:08,46.42,3.91,0,22,59.26999999999996,4.1
133,chaiyaphum,TH,2020-04-14 13:05:08,15.75,102,100,52,82.99399999999997,1.28
134,victoria,HK,2020-04-14 13:02:27,22.29,114.16,20,64,70.26799999999999,1.5
135,kapuskasing,CA,2020-04-14 13:05:08,49.42,-82.43,90,58,28.66999999999996,8.2
136,sungaipenuh,ID,2020-04-14 13:05:08,-2.08,101.38,100,74,68.75600000000003,0.46
137,uyuni,BO,2020-04-14 13:03:13,-20.46,-66.83,1,8,55.77799999999996,6.74
138,valerianovsk,RU,2020-04-14 13:05:09,58.76,59.55,74,85,34.95199999999998,1.5
139,new norfolk,AU,2020-04-14 13:05:09,-42.78,147.06,90,82,60.27799999999996,4.1
140,vaitupu,,,,,,,,
141,mar del plata,AR,2020-04-14 13:01:52,-38,-57.56,20,36,63.266000000000005,6.7
142,padang,ID,2020-04-14 13:02:02,-0.95,100.35,91,73,79.28599999999997,0.66
143,fortuna,US,2020-04-14 13:05:09,40.6,-124.16,20,67,64.27400000000002,2.1
144,tiksi,RU,2020-04-14 13:05:09,71.69,128.87,100,95,9.553999999999949,3.11
145,puerto ayacucho,VE,2020-04-14 13:05:09,5.66,-67.62,0,32,97.06999999999996,6.2
146,les cayes,HT,2020-04-14 13:05:09,18.2,-73.75,10,71,83.39000000000001,3.36
147,port alfred,ZA,2020-04-14 13:05:10,-33.59,26.89,88,94,62.27599999999999,1.34
148,chuy,UY,2020-04-14 13:05:10,-33.7,-53.46,94,84,61.64600000000005,9.33
149,bababe,,,,,,,,
150,saint george,US,2020-04-14 13:05:10,37.1,-113.58,1,18,52.069999999999965,1.91
151,faanui,PF,2020-04-14 13:05:10,-16.48,-151.75,50,71,82.43599999999998,2.64
152,luanda,AO,2020-04-14 12:58:16,-8.84,13.23,20,70,86.26999999999995,3.83
153,ust-ilimsk,RU,2020-04-14 13:05:10,58,102.66,0,79,34.30399999999995,1.04
154,bloomington,US,2020-04-14 13:04:14,44.84,-93.3,75,79,30.272000000000038,8.7
155,quelimane,MZ,2020-04-14 13:00:32,-17.88,36.89,13,88,77.73800000000006,2.92
156,hami,CN,2020-04-14 13:05:11,42.8,93.45,41,29,67.85600000000002,7.02
157,west bay,KY,2020-04-14 13:05:11,19.37,-81.42,20,74,86.26999999999995,4.1
158,petropavlovsk-kamchatskiy,RU,2020-04-14 13:05:11,53.05,158.65,31,79,21.469999999999956,1
159,finschhafen,PG,2020-04-14 13:05:11,-6.6,147.87,100,79,79.88000000000005,3.4
160,tawang,IN,2020-04-14 13:05:11,27.58,91.87,84,29,44.94199999999999,1.39
161,kautokeino,NO,2020-04-14 13:05:11,69.01,23.04,63,94,20.317999999999984,1.78
162,mount isa,AU,2020-04-14 13:05:11,-20.73,139.5,46,31,75.46999999999997,1.5
163,saleaula,,,,,,,,
164,kaitangata,NZ,2020-04-14 13:05:11,-46.28,169.85,89,60,44.27599999999999,3.58
165,margate,GB,2020-04-14 13:05:12,51.38,1.39,0,65,49.26199999999996,4.1
166,suhbaatar,MN,2020-04-14 13:05:12,50.23,106.21,39,69,33.36799999999998,2.84
167,vila velha,BR,2020-04-14 13:01:00,-20.33,-40.29,40,61,82.27400000000002,3.1
168,puerto escondido,MX,2020-04-14 13:05:12,15.85,-97.07,20,69,80.86999999999996,3.1
169,ribeira grande,PT,2020-04-14 13:05:12,38.52,-28.7,75,71,57.469999999999956,8.7
170,comodoro rivadavia,AR,2020-04-14 13:05:12,-45.87,-67.5,0,55,62.86999999999996,3.1
171,bambous virieux,MU,2020-04-14 13:05:12,-20.34,57.76,75,88,77.26999999999995,8.2
172,el badari,,,,,,,,
173,rantepao,ID,2020-04-14 13:05:13,-2.97,119.9,100,73,68.86400000000003,0.61
174,kodiak,US,2020-04-14 13:05:13,57.79,-152.41,90,93,41.26999999999996,3.9
175,ostersund,SE,2020-04-14 13:05:13,63.18,14.64,100,100,40.26199999999996,3.6
176,ponta delgada,PT,2020-04-14 13:05:13,37.73,-25.67,40,77,61.069999999999965,5.1
177,kushima,JP,2020-04-14 13:05:13,31.46,131.23,88,66,55.54399999999997,2.23
178,duluth,US,2020-04-14 13:05:13,46.78,-92.11,75,32,29.26400000000003,6.7
179,mizan teferi,ET,2020-04-14 13:05:13,6.98,35.58,42,53,68.16199999999995,1.15
180,lima,PE,2020-04-14 13:02:01,-12.04,-77.03,53,100,59.26999999999996,4.1
181,saint-pierre,RE,2020-04-14 13:05:13,-21.34,55.48,75,78,77.26999999999995,2.1
182,nara,JP,2020-04-14 13:05:14,34.69,135.8,1,61,50.26999999999996,1.05
183,anito,PH,2020-04-14 13:05:14,12.45,125.29,2,82,78.15199999999999,2.79
184,varna,BG,2020-04-14 13:05:14,43.22,27.92,96,40,68.26999999999995,3.1
185,cadillac,US,2020-04-14 13:05:14,44.25,-85.4,40,22,34.06999999999996,9.3
186,kieta,PG,2020-04-14 13:05:14,-6.22,155.63,99,78,80.22200000000004,0.96
187,bagdarin,RU,2020-04-14 13:05:14,54.43,113.6,94,67,30.416000000000007,1.96
188,talnakh,RU,2020-04-14 13:05:14,69.49,88.4,30,84,1.669999999999959,8
189,balikpapan,ID,2020-04-14 13:05:14,-1.27,116.83,90,87,77.91799999999998,2.27
190,tuy hoa,VN,2020-04-14 13:05:15,13.08,109.3,79,83,76.78399999999999,3.87
191,yashan,CN,2020-04-14 13:05:15,22.2,109.94,89,74,62.41999999999996,0.55
192,belyy yar,RU,2020-04-14 13:05:15,53.6,91.39,65,93,43.06999999999996,1
193,pochutla,MX,2020-04-14 13:05:15,15.74,-96.47,75,43,93.27200000000005,5.1
194,la rioja,ES,2020-04-14 13:04:56,42.25,-2.5,34,52,68.26999999999995,4.1
195,ukiah,US,2020-04-14 13:05:15,39.15,-123.21,1,50,73.27400000000002,0.91
196,pilikwe,BW,2020-04-14 13:05:15,-22.8,27.19,72,22,79.73599999999996,1.7
197,gat,IL,2020-04-14 13:01:10,31.61,34.76,0,82,67.26199999999996,1.5
198,kavieng,PG,2020-04-14 13:05:16,-2.57,150.8,100,74,82.63399999999999,2.48
199,deputatskiy,RU,2020-04-14 13:05:16,69.3,139.9,67,82,-7.294000000000025,1.36
200,tuatapere,NZ,2020-04-14 13:05:16,-46.13,167.68,97,87,43.26799999999999,1.34
201,westport,US,2020-04-14 13:05:16,41.14,-73.36,20,37,57.272000000000034,1.5
202,tiruchchendur,IN,2020-04-14 13:05:16,8.48,78.12,29,71,85.29800000000003,1.6
203,port elizabeth,ZA,2020-04-14 13:05:16,-33.92,25.57,18,93,62.86999999999996,2.6
204,mustafakemalpasa,TR,2020-04-14 13:05:17,40.04,28.41,94,39,66.46999999999997,3.1
205,lagoa,PT,2020-04-14 13:05:17,39.05,-27.98,100,83,53.780000000000044,10.31
206,guangyuan,CN,2020-04-14 13:05:17,32.44,105.82,0,79,50.26999999999996,0.91
207,vestmannaeyjar,IS,2020-04-14 13:05:17,63.44,-20.27,75,72,39.469999999999956,7.7
208,hebertville,,,,,,,,
209,lompoc,US,2020-04-14 13:00:25,34.64,-120.46,1,82,69.27799999999996,2.81
210,hualmay,PE,2020-04-14 13:05:17,-11.1,-77.61,36,64,77.95399999999995,4.34
211,chippewa falls,US,2020-04-14 13:05:17,44.94,-91.39,75,53,29.26400000000003,4.6
212,clyde river,CA,2020-04-14 13:05:18,70.47,-68.59,40,85,12.46999999999996,2.1
213,najran,SA,2020-04-14 13:05:18,17.49,44.13,75,64,75.46999999999997,2.6
214,cacador,BR,2020-04-14 13:05:18,-26.78,-51.02,41,33,70.44800000000004,3.64
215,vila,PT,2020-04-14 13:05:18,42.03,-8.16,20,63,68.26999999999995,2.6
216,tabiauea,,,,,,,,
217,nuuk,GL,2020-04-14 13:01:47,64.18,-51.72,75,92,32.26999999999996,4.6
218,rawson,AR,2020-04-14 13:04:52,-43.3,-65.1,4,37,65.94800000000004,1.18
219,kizukuri,JP,2020-04-14 13:05:18,40.81,140.39,26,71,44.27599999999999,0.89
220,sur,OM,2020-04-14 13:05:18,22.57,59.53,59,52,83.89399999999998,2.75
221,port hueneme,US,2020-04-14 13:05:19,34.15,-119.2,1,77,73.27400000000002,5.7
222,airai,TL,2020-04-14 13:05:19,-8.93,125.41,94,68,61.069999999999965,0.95
223,caravelas,BR,2020-04-14 13:05:19,-17.71,-39.25,47,82,79.62799999999996,4.37
224,wenling,CN,2020-04-14 13:05:19,28.37,121.36,100,89,60.27799999999996,2.78
225,hasaki,JP,2020-04-14 13:05:19,35.73,140.83,20,52,44.86999999999996,2.6
226,yerbogachen,RU,2020-04-14 13:05:19,61.28,108.01,3,83,33.35,1.75
227,krosno odrzanskie,PL,2020-04-14 13:05:20,52.05,15.1,74,33,47.26400000000003,3.6
228,metro,ID,2020-04-14 13:05:20,-5.11,105.31,98,93,75.65,1.35
229,ust-nera,RU,2020-04-14 13:05:20,64.57,143.2,68,81,3.722000000000037,0.04
230,mahibadhoo,MV,2020-04-14 13:02:01,3.78,72.97,26,68,86.16199999999995,3.1
231,nelson bay,AU,2020-04-14 13:05:20,-32.72,152.15,0,93,60.27799999999996,2.6
232,beibei,CN,2020-04-14 13:05:20,29.83,106.43,8,67,61.069999999999965,2
233,gao,ML,2020-04-14 13:02:52,16.64,1.64,19,8,97.484,4.41
234,karaul,,,,,,,,
235,nikolskoye,RU,2020-04-14 13:05:21,59.7,30.79,90,91,35.86999999999996,1
236,haines junction,CA,2020-04-14 13:05:21,60.75,-137.51,45,62,36.76999999999996,0.63
237,souillac,MU,2020-04-14 13:05:21,-20.52,57.52,75,88,77.26999999999995,8.2
238,henties bay,NA,2020-04-14 13:05:21,-22.12,14.28,1,87,60.27799999999996,1.34
239,samarai,PG,2020-04-14 13:05:21,-10.62,150.67,82,83,80.50999999999999,3.05
240,almeirim,BR,2020-04-14 13:05:21,-1.52,-52.58,100,74,78.27799999999996,2.38
241,iqaluit,CA,2020-04-14 13:02:50,63.75,-68.51,90,62,19.66999999999996,5.7
242,hofn,IS,2020-04-14 13:05:21,64.25,-15.21,97,68,41.59399999999997,6.71
243,provideniya,RU,2020-04-14 13:05:21,64.38,-173.3,100,96,26.78000000000004,5.12
244,ravenna,IT,2020-04-14 13:05:22,44.42,11.98,56,66,53.86999999999996,8.2
245,tamale,GH,2020-04-14 13:05:22,9.4,-0.84,30,27,99.266,2.98
246,bengkulu,ID,2020-04-14 13:05:22,-3.8,102.27,100,82,79.79000000000002,1.28
247,hovd,MN,2020-04-14 13:05:22,48.01,91.64,100,49,43.64600000000005,1.79
248,harper,LR,2020-04-14 13:02:39,4.38,-7.72,93,75,83.62400000000002,2.61
249,kuusamo,FI,2020-04-14 13:05:22,65.97,29.18,90,96,32.26999999999996,3.6
250,namanyere,TZ,2020-04-14 13:05:22,-7.52,31.05,32,61,61.91600000000001,1.19
251,izumo,JP,2020-04-14 13:05:22,35.37,132.77,75,75,43.06999999999996,0.5
252,cherskiy,RU,2020-04-14 13:05:23,68.75,161.3,97,95,8.114000000000033,4.11
253,passo de camaragibe,BR,2020-04-14 13:03:36,-9.24,-35.49,20,55,88.06999999999996,3.6
254,macau,MO,2020-04-14 13:05:23,22.2,113.55,20,88,69.27799999999996,0.5
255,jinhua,CN,2020-04-14 13:05:23,29.11,119.65,100,84,56.67799999999997,0.63
256,ahumada,,,,,,,,
257,eureka,US,2020-04-14 13:05:23,40.8,-124.16,1,66,64.27400000000002,2.1
258,san quintin,MX,2020-04-14 13:05:23,30.48,-115.95,56,66,64.77799999999996,4.43
259,manassas park,US,2020-04-14 13:05:23,38.78,-77.47,90,40,58.26199999999996,3.1
260,laguna,US,2020-04-14 13:00:54,38.42,-121.42,1,31,70.06999999999996,5.7
261,san jose,US,2020-04-14 13:02:22,37.34,-121.89,20,55,70.26799999999999,3.1
262,sharqpur,PK,2020-04-14 13:05:24,31.46,74.1,40,51,84.46999999999997,2.6
263,sentyabrskiy,,,,,,,,
264,fairbanks,US,2020-04-14 13:04:22,64.84,-147.72,1,83,36.266000000000005,3.1
265,lavrentiya,RU,2020-04-14 13:05:24,65.58,-171,100,97,27.608000000000004,4.61
266,ambovombe,MG,2020-04-14 13:00:56,-25.17,46.08,0,76,77.28800000000004,5.05
267,chilca,PE,2020-04-14 13:01:42,-12.52,-76.74,35,100,59.26999999999996,4.1
268,diego de almagro,CL,2020-04-14 13:05:25,-26.37,-70.05,99,15,78.61999999999996,4.14
269,pangai,TO,2020-04-14 13:05:25,-19.8,-174.35,94,77,78.76400000000004,5.67
270,matay,EG,2020-04-14 13:05:25,28.42,30.78,0,21,71.86999999999996,4.38
271,narsingdi,BD,2020-04-14 13:05:25,23.92,90.72,20,70,84.46999999999997,3.19
272,batticaloa,LK,2020-04-14 13:05:25,7.71,81.69,8,82,81.75199999999998,2.51
273,utiroa,,,,,,,,
274,umm lajj,SA,2020-04-14 13:05:26,25.02,37.27,0,49,71.34800000000003,2.78
275,sambava,MG,2020-04-14 12:57:43,-14.27,50.17,56,84,76.47799999999997,3.04
276,binabalian,PH,2020-04-14 13:05:26,16.42,119.93,47,75,80.43800000000005,4.69
277,barabai,ID,2020-04-14 13:05:26,-2.58,115.38,100,92,75.326,0.81
278,turukhansk,RU,2020-04-14 13:05:26,65.82,87.98,62,97,25.17799999999996,1.47
279,gorno-chuyskiy,,,,,,,,
280,attawapiskat,,,,,,,,
281,bloomfield,US,2020-04-14 13:00:28,40.81,-74.19,75,32,59.26999999999996,2.1
282,elko,US,2020-04-14 13:05:27,41,-115.5,1,24,47.26400000000003,5.7
283,ahipara,NZ,2020-04-14 13:05:27,-35.17,173.17,52,71,59.95399999999995,7.56
284,le moule,GP,2020-04-14 13:05:27,16.33,-61.35,0,74,82.66999999999996,4.1
285,morondava,MG,2020-04-14 13:05:27,-20.28,44.28,7,77,81.35600000000002,2.48
286,narsaq,GL,2020-04-14 13:05:27,60.92,-46.05,75,40,34.06999999999996,1
287,vila franca do campo,PT,2020-04-14 13:05:27,37.72,-25.43,40,77,61.069999999999965,5.1
288,kunming,CN,2020-04-14 13:05:27,25.04,102.72,0,81,53.86999999999996,6
289,severodvinsk,RU,2020-04-14 13:05:28,64.56,39.83,40,89,39.469999999999956,4.41
290,merauke,ID,2020-04-14 13:01:05,-8.47,140.33,79,88,77.66600000000001,4.42
291,itarema,BR,2020-04-14 13:05:28,-2.92,-39.92,60,68,84.81199999999995,3.03
292,zeya,RU,2020-04-14 13:05:28,53.75,127.27,4,86,31.801999999999975,1.81
293,jijiga,ET,2020-04-14 13:05:28,9.35,42.8,84,44,70.808,3.65
294,zhuanghe,CN,2020-04-14 13:05:28,39.7,122.99,95,55,50.306000000000026,2.45
295,benevento,IT,2020-04-14 13:05:28,41.22,14.75,75,63,61.069999999999965,5.7
296,el grullo,MX,2020-04-14 13:05:29,19.8,-104.22,66,8,93.52400000000002,2.74
297,cockburn town,TC,2020-04-14 13:05:29,21.46,-71.14,16,81,79.142,8.1
298,plettenberg bay,ZA,2020-04-14 13:05:29,-34.05,23.37,0,81,60.25999999999998,1.67
299,mbanza-ngungu,CD,2020-04-14 13:05:29,-5.25,14.87,66,77,74.49800000000002,1.06
300,poum,NC,2020-04-14 13:05:30,-20.23,164.02,100,78,78.98000000000005,5.75
301,bayir,TR,2020-04-14 13:05:30,37.27,28.22,41,76,57.469999999999956,2.1
302,roald,NO,2020-04-14 13:05:30,62.58,6.13,75,93,44.86999999999996,9.3
303,redlands,US,2020-04-14 13:05:30,34.06,-117.18,5,59,75.46999999999997,2.42
304,korla,CN,2020-04-14 13:05:30,41.76,86.15,53,17,67.51400000000004,3.59
305,salalah,OM,2020-04-14 13:04:52,17.02,54.09,20,69,82.66999999999996,3.1
306,nalut,LY,2020-04-14 13:01:40,30.33,10.85,100,22,81.91400000000004,6.02
307,aklavik,CA,2020-04-14 13:05:30,68.22,-135.01,75,80,30.46999999999996,1
308,mayumba,GA,2020-04-14 13:05:30,-3.43,10.66,75,85,81.842,3.07
309,flinders,AU,2020-04-14 13:05:31,-34.58,150.86,23,82,61.069999999999965,4.1
310,praia,CV,2020-04-14 13:00:42,14.92,-23.51,75,51,82.66999999999996,10.3
311,antofagasta,CL,2020-04-14 13:04:43,-23.65,-70.4,97,60,70.06999999999996,5.7
312,xinqing,CN,2020-04-14 13:05:31,48.23,129.5,0,72,33.008,1.4
313,cam ranh,VN,2020-04-14 13:05:31,11.92,109.16,20,88,79.06999999999996,3.6
314,akureyri,IS,2020-04-14 13:05:31,65.68,-18.09,20,41,43.06999999999996,12.9
315,santa maria,BR,2020-04-14 13:01:27,-29.68,-53.81,90,82,61.069999999999965,7.7
316,farafangana,MG,2020-04-14 13:05:31,-22.82,47.83,2,86,76.87400000000002,4.46
317,kapoeta,SS,2020-04-14 13:00:13,4.77,33.59,82,37,86.28800000000004,1.82
318,chicama,PE,2020-04-14 13:05:32,-7.84,-79.15,40,78,71.86999999999996,4.6
319,zhuhai,CN,2020-04-14 13:05:32,22.28,113.57,20,88,69.27799999999996,0.5
320,cap malheureux,MU,2020-04-14 13:05:32,-19.98,57.61,75,88,77.26999999999995,8.2
321,saskylakh,RU,2020-04-14 13:05:32,71.92,114.08,99,91,0.8959999999999972,7.57
322,totma,RU,2020-04-14 13:05:32,59.97,42.76,98,84,45.05,1.46
323,ishinomaki,JP,2020-04-14 13:05:32,38.42,141.3,0,70,42.674000000000014,3.63
324,catamarca,AR,2020-04-14 13:05:32,-28.47,-65.79,56,35,72.93200000000002,1.72
325,huilong,CN,2020-04-14 13:05:32,31.81,121.66,100,78,61.26799999999999,4.31
326,gizo,SB,2020-04-14 13:05:33,-8.1,156.84,56,80,82.30999999999997,3.27
327,raudeberg,NO,2020-04-14 13:05:33,61.99,5.14,75,93,45.266000000000005,9.3
328,praia da vitoria,PT,2020-04-14 13:00:45,38.73,-27.07,75,72,61.069999999999965,5.52
329,martaban,MM,2020-04-14 13:05:33,16.53,97.61,50,76,80.6,2.51
330,nivala,FI,2020-04-14 13:05:33,63.92,24.97,43,77,34.26799999999999,1.79
331,kupang,ID,2020-04-14 13:05:33,-10.17,123.58,98,77,81.392,4.65
332,nome,US,2020-04-14 13:05:33,64.5,-165.41,90,74,35.86999999999996,8.2
333,praya,CV,2020-04-14 13:05:34,14.92,-23.51,75,51,82.66999999999996,10.3
334,gamboma,CG,2020-04-14 13:05:34,-1.88,15.86,39,59,82.68800000000005,1.48
335,ancud,CL,2020-04-14 13:05:34,-41.87,-73.82,20,100,52.069999999999965,2.1
336,brae,GB,2020-04-14 13:05:34,60.4,-1.35,100,87,46.66999999999996,10.8
337,saryshagan,,,,,,,,
338,santa cruz,BO,2020-04-14 13:05:34,-17.8,-63.17,75,39,82.66999999999996,8.7
339,mangai,CD,2020-04-14 13:05:34,-4.05,19.53,59,66,78.42200000000004,0.66
340,mango,US,2020-04-14 13:05:35,27.98,-82.31,1,66,92.26400000000004,6.7
341,sao paulo de olivenca,BR,2020-04-14 13:05:35,-3.38,-68.87,54,78,85.40600000000003,0.91
342,half moon bay,US,2020-04-14 13:05:35,37.46,-122.43,1,59,70.26799999999999,5.7
343,pahrump,US,2020-04-14 13:05:35,36.21,-115.98,1,14,65.26400000000004,2.6
344,dongobesh,TZ,2020-04-14 13:05:36,-4.07,35.38,73,57,58.658,0.97
345,torrelavega,ES,2020-04-14 13:05:36,43.35,-4.05,23,77,64.27400000000002,5.7
346,kununurra,AU,2020-04-14 13:05:36,-15.77,128.73,91,88,71.86999999999996,1
347,lazaro cardenas,MX,2020-04-14 13:05:36,17.96,-102.2,100,45,84.55999999999997,3.4
348,tinde,TZ,2020-04-14 13:05:36,-3.88,33.2,92,65,66.77599999999998,0.72
349,trofors,NO,2020-04-14 13:05:36,65.53,13.41,75,100,42.27799999999996,7.2
350,kolyvan,RU,2020-04-14 13:05:36,55.31,82.74,32,65,41.26999999999996,1
351,vangaindrano,MG,2020-04-14 13:05:36,-23.35,47.6,3,92,73.74199999999999,1.64
352,wukari,NG,2020-04-14 13:05:37,7.85,9.78,67,28,95.576,1.74
353,havoysund,NO,2020-04-14 13:05:37,71,24.66,75,74,35.86999999999996,2.6
354,pierre,US,2020-04-14 13:05:37,44.37,-100.35,1,55,35.27599999999999,4.1
355,galle,LK,2020-04-14 13:05:37,6.04,80.22,26,81,81.05000000000001,3.24
356,pamanukan,ID,2020-04-14 13:05:37,-6.28,107.81,16,79,80.38399999999999,1.93
357,borogontsy,RU,2020-04-14 13:05:37,62.67,131.17,97,96,24.53000000000004,2.22
358,boz,FR,2020-04-14 13:05:37,46.41,4.91,0,22,59.26999999999996,4.1
359,gubkinskiy,RU,2020-04-14 13:05:38,64.43,76.5,100,96,34.10600000000003,4.88
360,khasan,RU,2020-04-14 13:05:38,42.43,130.64,0,55,46.742,3.55
361,zdvinsk,RU,2020-04-14 13:05:38,54.7,78.66,80,78,37.63399999999999,4.82
362,hobyo,SO,2020-04-14 13:05:38,5.35,48.53,81,74,85.334,5.65
363,louisbourg,,,,,,,,
364,grand gaube,MU,2020-04-14 13:03:29,-20.01,57.66,75,88,77.26999999999995,8.2
365,lesozavodsk,RU,2020-04-14 13:05:38,45.48,133.42,0,73,38.06600000000001,3
366,sechura,PE,2020-04-14 13:05:39,-5.56,-80.82,33,65,78.49399999999997,3.5
367,klaksvik,FO,2020-04-14 13:05:40,62.23,-6.59,100,100,44.86999999999996,5.7
368,zambezi,ZM,2020-04-14 13:05:40,-13.54,23.1,48,53,71.22200000000004,1.38
369,arrecife,ES,2020-04-14 13:05:40,28.96,-13.55,75,60,73.66999999999996,9.8
370,punto fijo,VE,2020-04-14 13:04:52,11.7,-70.2,12,62,84.21799999999999,9.84
371,maldonado,UY,2020-04-14 13:05:40,-34.67,-54.92,90,93,61.069999999999965,14.9
372,inderborskiy,,,,,,,,
373,raga,SS,2020-04-14 13:05:41,8.46,25.68,3,12,83.24600000000005,2.56
374,nabire,ID,2020-04-14 13:05:41,-3.37,135.48,94,87,77.43200000000002,0.83
375,tulu bolo,ET,2020-04-14 13:05:41,8.67,38.22,98,46,61.66400000000003,2.9
376,phalombe,MW,2020-04-14 13:05:41,-15.81,35.65,15,69,69.89000000000001,1.24
377,svetlogorsk,BY,2020-04-14 13:05:41,52.63,29.73,80,66,38.56999999999996,3.48
378,mehamn,NO,2020-04-14 13:05:41,71.04,27.85,75,74,35.86999999999996,2.6
379,norrtalje,SE,2020-04-14 13:05:42,59.76,18.7,100,52,45.266000000000005,4.1
380,sao gabriel da cachoeira,BR,2020-04-14 13:05:42,-0.13,-67.09,97,76,82.77799999999996,1.02
381,moron,AR,2020-04-14 13:01:30,-34.65,-58.62,40,52,70.26799999999999,6.2
382,strai,NO,2020-04-14 13:05:42,58.2,7.9,75,70,44.86999999999996,5.7
383,las choapas,MX,2020-04-14 13:05:42,17.93,-94.08,40,59,89.86999999999996,1.12
384,coquimbo,CL,2020-04-14 13:05:42,-29.95,-71.34,20,72,64.66999999999996,7.2
385,yanan,,,,,,,,
386,cabot,US,2020-04-14 13:05:43,34.97,-92.02,90,65,48.272000000000034,5.1
387,jiayuguan,CN,2020-04-14 13:05:43,39.82,98.3,81,18,57.524000000000015,1.06
388,yumen,CN,2020-04-14 13:05:43,40.28,97.2,67,18,60.56600000000001,2.26
389,sahrak,,,,,,,,
390,san cristobal,VE,2020-04-14 13:05:43,7.77,-72.22,40,49,89.86999999999996,3.6
391,sitka,US,2020-04-14 13:05:43,57.05,-135.33,90,87,44.86999999999996,1.01
392,port blair,IN,2020-04-14 13:05:43,11.67,92.75,89,73,83.56999999999996,3.54
393,ahuimanu,US,2020-04-14 13:05:44,21.44,-157.84,90,100,71.27599999999998,1.5
394,luderitz,NA,2020-04-14 13:05:44,-26.65,15.16,10,77,61.069999999999965,8.2
395,grand centre,,,,,,,,
396,zabaykalsk,RU,2020-04-14 13:05:44,49.63,117.32,93,42,42.475999999999985,8.42
397,usevya,TZ,2020-04-14 13:05:44,-7.1,31.23,86,69,69.584,0.74
398,tura,IN,2020-04-14 13:05:44,25.52,90.22,30,41,77.26999999999995,0.41
399,la reforma,MX,2020-04-14 13:05:44,25.08,-108.05,20,39,83.26400000000004,1
400,cairns,AU,2020-04-14 13:03:42,-16.92,145.77,75,78,77.26999999999995,5.7
401,berwick,US,2020-04-14 13:05:45,41.05,-76.23,90,42,52.26799999999999,2.48
402,waddan,LY,2020-04-14 13:01:56,29.16,16.14,34,10,91.11199999999997,3.06
403,hay river,CA,2020-04-14 13:05:45,60.82,-115.8,75,73,25.069999999999958,2.6
404,palana,RU,2020-04-14 13:05:45,59.12,159.97,48,94,6.25999999999998,1.94
405,los llanos de aridane,ES,2020-04-14 13:05:45,28.66,-17.92,75,60,70.06999999999996,2.6
406,maningrida,AU,2020-04-14 13:05:46,-12.07,134.27,1,90,76.53200000000001,4.14
407,ngukurr,,,,,,,,
408,kahului,US,2020-04-14 13:05:46,20.89,-156.47,40,83,73.66999999999996,2.6
409,issaquah,US,2020-04-14 13:05:09,47.53,-122.03,1,53,59.26999999999996,2.1
410,okhotsk,RU,2020-04-14 13:05:46,59.38,143.3,43,96,22.748000000000026,2.16
411,pobe,BJ,2020-04-14 13:05:46,6.98,2.66,50,68,84.66799999999998,4.7
412,marzuq,YE,2020-04-14 13:05:46,14.4,46.47,98,49,75.10999999999999,2.57
413,gayeri,BF,2020-04-14 13:05:47,12.65,0.49,49,13,100.25600000000003,3.35
414,oksfjord,NO,2020-04-14 13:05:47,70.24,22.35,75,69,35.86999999999996,4.6
415,douentza,ML,2020-04-14 12:59:06,15,-2.95,16,8,98.276,2.09
416,chapais,CA,2020-04-14 13:05:47,49.78,-74.85,90,53,26.86999999999996,12.3
417,asau,RO,2020-04-14 13:05:47,46.43,26.4,75,100,36.266000000000005,6.2
418,egvekinot,RU,2020-04-14 13:05:47,66.32,-179.17,100,91,16.48399999999999,3.24
419,pskov,RU,2020-04-14 13:03:46,57.81,28.35,75,85,35.86999999999996,5
420,waingapu,ID,2020-04-14 13:01:05,-9.66,120.26,77,79,79.826,1.71
421,eisiskes,LT,2020-04-14 13:05:48,54.17,25,75,80,36.266000000000005,5.1
422,istok,XK,2020-04-14 13:05:48,42.78,20.49,90,86,37.66999999999996,8.2
423,birao,CF,2020-04-14 13:05:48,10.28,22.79,12,11,87.25999999999999,3.39
424,vanimo,PG,2020-04-14 13:05:48,-2.67,141.3,59,80,80.36600000000001,2.22
425,nuevitas,CU,2020-04-14 13:05:48,21.55,-77.26,24,53,88.12400000000002,6.31
426,baykit,RU,2020-04-14 13:05:48,61.67,96.37,75,83,35.29399999999997,0.15
427,svetlyy,RU,2020-04-14 13:05:49,54.67,20.13,40,64,39.469999999999956,6
428,turinsk,RU,2020-04-14 13:05:49,58.05,63.7,88,76,37.79600000000005,1.35
429,sabancuy,MX,2020-04-14 13:05:49,18.97,-91.18,39,40,97.39399999999998,2.53
430,mbekenyera,TZ,2020-04-14 13:05:49,-10,38.98,100,86,72.24800000000002,1.55
431,wanaka,NZ,2020-04-14 13:05:49,-44.7,169.15,71,74,35.27599999999999,0.45
432,oostburg,US,2020-04-14 13:05:49,43.62,-87.79,90,40,37.274000000000015,5.7
433,heilbron,ZA,2020-04-14 13:05:49,-27.28,27.97,98,56,56.78599999999997,3.16
434,mys shmidta,,,,,,,,
435,brindisi,IT,2020-04-14 13:05:50,40.58,17.67,20,93,62.86999999999996,2.1
436,seabra,BR,2020-04-14 13:05:50,-12.42,-41.77,75,88,77.26999999999995,1.5
437,wanning,CN,2020-04-14 13:05:50,18.8,110.4,84,73,69.49399999999997,1.14
438,lusambo,CD,2020-04-14 13:05:50,-4.97,23.45,74,64,79.71799999999999,1.01
439,whitehorse,CA,2020-04-14 13:04:20,60.72,-135.05,20,74,37.66999999999996,1.5
440,bara,NG,2020-04-14 13:05:50,10.37,10.73,61,11,95.12599999999999,1.78
441,balkhash,KZ,2020-04-14 13:05:50,46.84,74.98,98,67,51.09800000000003,7.35
442,rapar,IN,2020-04-14 13:05:51,23.57,70.63,69,34,86.88200000000002,7.82
443,omboue,GA,2020-04-14 13:05:51,-1.57,9.26,99,85,81.44600000000005,2.84
444,ponta do sol,PT,2020-04-14 13:04:30,32.67,-17.1,40,48,66.46999999999997,3.6
445,devonport,AU,2020-04-14 13:05:51,-41.17,146.35,87,91,56.26400000000004,1.85
446,umm kaddadah,SD,2020-04-14 13:05:51,13.6,26.69,47,12,79.01600000000002,5.79
447,marrakesh,MA,2020-04-14 13:01:27,31.63,-8.01,40,38,73.66999999999996,6.2
448,maragogi,BR,2020-04-14 13:00:53,-9.01,-35.22,88,57,85.45999999999998,4.07
449,sortland,NO,2020-04-14 13:05:52,68.69,15.42,75,44,37.66999999999996,6.2
450,benguela,AO,2020-04-14 13:05:52,-12.58,13.41,3,80,78.90800000000002,1.44
451,boa vista,BR,2020-04-14 13:05:52,2.82,-60.67,40,36,93.46999999999997,4.6
452,luang prabang,LA,2020-04-14 13:05:52,19.89,102.13,34,66,72.842,0.21
453,boguchany,RU,2020-04-14 13:05:52,58.38,97.45,19,82,36.535999999999966,0.98
454,milkovo,RU,2020-04-14 13:05:52,54.72,158.62,100,89,25.01600000000001,1.55
455,qui nhon,VN,2020-04-14 13:05:52,13.77,109.23,83,85,75.50600000000003,2.88
456,lorengau,PG,2020-04-14 13:05:52,-2.02,147.27,99,74,81.66199999999995,1.5
457,olafsvik,IS,2020-04-14 13:05:53,64.89,-23.71,100,70,39.685999999999964,11.34
458,samalaeulu,,,,,,,,
459,monrovia,LR,2020-04-14 13:02:04,6.3,-10.8,40,66,89.86999999999996,3.6
460,santa isabel do rio negro,BR,2020-04-14 13:05:53,-0.41,-65.02,100,71,82.77799999999996,0.48
461,moura,PT,2020-04-14 13:05:53,38.14,-7.45,40,63,64.66999999999996,9.3
462,san patricio,MX,2020-04-14 13:05:53,19.22,-104.7,5,69,77.26999999999995,5.1
463,alofi,NU,2020-04-14 13:05:53,-19.06,-169.92,100,94,73.66999999999996,2.1
464,tallahassee,US,2020-04-14 13:02:18,30.44,-84.28,75,61,83.26400000000004,5.1
465,lolua,,,,,,,,
466,tahta,EG,2020-04-14 13:05:54,26.77,31.5,0,16,77.26999999999995,5.7
467,mecca,SA,2020-04-14 13:04:24,21.43,39.83,0,38,70.66400000000004,3.13
468,emerald,AU,2020-04-14 13:05:55,-23.53,148.17,0,82,66.46999999999997,2.1
469,costinesti,RO,2020-04-14 13:05:55,43.95,28.63,75,34,66.46999999999997,5.1
470,lawton,US,2020-04-14 13:05:56,34.61,-98.39,90,80,42.27799999999996,2.6
471,lerik,AZ,2020-04-14 13:05:56,38.77,48.41,4,87,52.069999999999965,6.7
472,souris,CA,2020-04-14 13:05:56,49.62,-100.26,90,49,23.26999999999996,5.1
473,oranjestad,AW,2020-04-14 13:05:56,12.52,-70.03,20,59,89.86999999999996,9.3
474,acapulco,MX,2020-04-14 13:02:40,16.86,-99.89,20,74,82.66999999999996,4.1
475,tumannyy,,,,,,,,
476,jacareacanga,BR,2020-04-14 13:05:57,-6.22,-57.75,94,72,81.76999999999995,1.07
477,ulaangom,MN,2020-04-14 13:05:58,49.98,92.07,97,68,30.667999999999985,0.3
478,ivot,RU,2020-04-14 13:05:58,53.68,34.19,100,67,38.983999999999995,1.26
479,goure,NE,2020-04-14 13:05:58,13.98,10.27,63,8,96.27799999999996,3.13
480,alugan,PH,2020-04-14 13:05:58,12.22,125.48,57,78,80.618,3.67
481,yaan,NG,2020-04-14 13:05:58,7.38,8.57,78,33,95.39600000000004,2.57
482,falealupo,,,,,,,,
483,lubao,PH,2020-04-14 13:05:59,14.92,120.55,75,83,81.26600000000002,1
484,knysna,ZA,2020-04-14 13:05:59,-34.04,23.05,20,93,57.469999999999956,1.5
485,khandyga,RU,2020-04-14 13:05:59,62.67,135.6,51,89,14.59399999999997,1.25
486,madimba,TZ,2020-04-14 13:05:59,-10.4,40.33,75,94,79.06999999999996,3.9
487,dalbandin,PK,2020-04-14 13:05:59,28.89,64.41,32,36,73.66999999999996,4.18
488,vardo,NO,2020-04-14 13:05:59,70.37,31.11,75,95,34.06999999999996,6.2
489,bangangte,CM,2020-04-14 13:05:59,5.14,10.52,80,60,68.684,0.36
490,the pas,CA,2020-04-14 13:06:00,53.83,-101.25,1,37,19.66999999999996,2.6
491,kidal,ML,2020-04-14 13:06:00,18.44,1.41,31,8,95.35999999999999,3.05
492,bathsheba,BB,2020-04-14 13:06:00,13.22,-59.52,40,58,86.26999999999995,9.3
493,talgar,KZ,2020-04-14 13:06:00,43.3,77.24,90,93,53.86999999999996,3
494,nguiu,,,,,,,,
495,mixtequilla,,,,,,,,
496,palauig,PH,2020-04-14 13:06:00,15.44,119.9,97,75,78.42200000000004,1.51
497,portland,US,2020-04-14 13:04:59,45.52,-122.68,1,35,60.27799999999996,1.66
498,quatre cocos,MU,2020-04-14 13:06:01,-20.21,57.76,75,88,77.26999999999995,8.2
499,araceli,PH,2020-04-14 13:06:01,10.55,119.99,0,76,82.41799999999998,2.59
500,blagoyevo,RU,2020-04-14 13:06:01,63.37,47.92,97,89,36.57200000000004,4.16
501,manicore,BR,2020-04-14 13:05:10,-5.81,-61.3,99,97,74.73200000000003,0.75
502,tyrma,RU,2020-04-14 13:06:01,50.08,132.17,2,83,30.685999999999968,0.77
503,saint-michel-des-saints,CA,2020-04-14 13:06:01,46.68,-73.92,94,4,44.27599999999999,0.45
504,eregli,TR,2020-04-14 13:06:01,37.51,34.05,1,35,57.55999999999998,2.73
505,kristiansund,NO,2020-04-14 13:04:04,63.11,7.73,75,81,44.86999999999996,18.5
506,pisco,PE,2020-04-14 13:06:02,-13.7,-76.22,75,30,78.27799999999996,2.6
507,uk,,,,,,,,
508,port hedland,AU,2020-04-14 13:06:02,-20.32,118.57,27,88,79.06999999999996,2.6
509,matara,LK,2020-04-14 13:06:02,5.95,80.54,42,87,78.80000000000001,2.26
510,burica,,,,,,,,
511,amga,RU,2020-04-14 13:06:02,60.9,131.96,37,95,23.14399999999997,1.32
512,warqla,,,,,,,,
513,darab,IR,2020-04-14 13:06:03,28.75,54.54,0,25,65.13800000000005,1.37
514,karratha,AU,2020-04-14 13:06:03,-20.74,116.85,6,72,82.34600000000006,1.41
515,sao filipe,CV,2020-04-14 13:06:03,14.9,-24.5,68,70,74.39000000000001,9.06
516,vetluzhskiy,RU,2020-04-14 13:06:03,58.39,45.47,55,70,45.95,4.77
517,kurilsk,RU,2020-04-14 13:06:03,45.23,147.88,100,95,30.109999999999978,6.9
518,salumbar,IN,2020-04-14 13:06:03,24.13,74.05,73,18,91.32799999999997,3.99
519,san javier,ES,2020-04-14 13:06:04,37.81,-0.84,28,82,66.27200000000005,3.1
520,kerema,PG,2020-04-14 13:06:04,-7.96,145.78,100,88,76.17200000000004,2.79
521,port lincoln,AU,2020-04-14 13:06:04,-34.73,135.87,94,31,70.84399999999997,6.71
522,tukrah,LY,2020-04-14 13:06:04,32.53,20.58,27,26,76.69399999999997,6.69
523,emilio carranza,MX,2020-04-14 13:06:04,19.97,-96.61,73,69,83.28200000000001,4.16
524,senges,BR,2020-04-14 13:01:38,-24.11,-49.46,100,97,69.27799999999996,1.34
525,yarensk,RU,2020-04-14 13:06:04,62.17,49.09,77,90,34.79000000000002,3.49
526,yuci,CN,2020-04-14 13:06:04,37.68,112.73,35,46,50.26999999999996,1
527,malya,TZ,2020-04-14 13:06:04,-2.98,33.52,74,66,64.85,0.86
528,natal,BR,2020-04-14 13:06:05,-5.79,-35.21,40,55,89.86999999999996,5.7
529,ust-tsilma,RU,2020-04-14 13:06:05,65.44,52.15,48,89,36.23000000000004,2.98
530,pangody,RU,2020-04-14 13:06:05,65.85,74.49,100,98,31.640000000000022,3.84
531,tarauaca,BR,2020-04-14 13:06:05,-8.16,-70.77,4,48,91.45399999999995,2.46
532,byron bay,AU,2020-04-14 12:56:17,-28.65,153.62,2,100,62.86999999999996,1.29
533,tessalit,ML,2020-04-14 13:06:05,20.2,1.01,100,8,95.77400000000002,4.14
534,wicklow,IE,2020-04-14 13:06:05,53,-6.42,75,57,57.469999999999956,4.1
535,beloha,MG,2020-04-14 13:06:06,-25.17,45.05,0,67,77.77400000000002,3.8
536,houma,US,2020-04-14 13:06:06,29.6,-90.72,90,82,66.46999999999997,4.6
537,denpasar,ID,2020-04-14 13:06:06,-8.65,115.22,0,78,78.15199999999999,2.13
538,mgachi,RU,2020-04-14 13:06:06,51.05,142.27,83,94,28.561999999999955,5.24
539,opuwo,NA,2020-04-14 13:06:06,-18.06,13.84,68,28,79.41199999999995,1.36
540,grootegast,NL,2020-04-14 13:06:06,53.21,6.27,93,65,47.26400000000003,4.1
541,maroantsetra,MG,2020-04-14 13:06:06,-15.43,49.73,10,82,73.94000000000003,0.6
542,sangar,RU,2020-04-14 13:06:06,63.92,127.47,100,98,25.898000000000025,1.58
543,ambatondrazaka,MG,2020-04-14 13:02:04,-17.83,48.42,3,72,65.066,2.38
544,westerland,DE,2020-04-14 13:06:07,54.91,8.3,88,69,45.266000000000005,4.02
545,mapiripan,CO,2020-04-14 13:06:07,2.89,-72.13,10,33,95.35999999999999,4.28
546,ulcinj,ME,2020-04-14 13:06:07,41.93,19.22,90,100,52.069999999999965,5.1
547,santa fe,AR,2020-04-14 13:02:23,-31.63,-60.7,1,36,76.26199999999996,1.79
548,sorland,NO,2020-04-14 13:06:07,67.67,12.69,75,93,41.26999999999996,8.2
549,de-kastri,RU,2020-04-14 13:06:07,51.47,140.78,79,97,29.65999999999998,2.93
550,norman wells,CA,2020-04-14 13:06:07,65.28,-126.83,75,95,32.26999999999996,8.7
551,viransehir,TR,2020-04-14 13:06:08,37.24,39.76,21,42,54.35600000000003,0.92
552,smithers,CA,2020-04-14 13:06:08,54.78,-127.17,75,81,44.86999999999996,1.5
553,nanortalik,GL,2020-04-14 13:06:08,60.14,-45.24,15,93,30.758000000000003,4.7
554,auchtermuchty,GB,2020-04-14 13:06:08,56.29,-3.23,100,66,56.26400000000004,5.7
555,trairi,BR,2020-04-14 13:02:18,-3.28,-39.27,95,62,85.36999999999996,2.29
556,vavoua,CI,2020-04-14 13:06:08,7.38,-6.48,35,46,90.17599999999999,1.32
557,shimoda,JP,2020-04-14 13:06:08,34.67,138.95,0,58,58.190000000000026,0.72
558,carnarvon,AU,2020-04-14 12:52:36,-24.87,113.63,29,78,73.66999999999996,8.2
559,richards bay,ZA,2020-04-14 13:01:36,-28.78,32.04,92,92,71.05999999999997,8.77
560,bad sankt leonhard,,,,,,,,
561,powell river,CA,2020-04-14 13:03:11,49.85,-124.54,40,53,57.272000000000034,1
562,san joaquin,VE,2020-04-14 13:06:09,10.26,-67.79,6,43,82.34600000000006,3.35
563,darnah,LY,2020-04-14 12:54:35,32.77,22.64,27,48,67.94600000000005,7.07
564,surt,LY,2020-04-14 13:06:09,31.21,16.59,90,26,83.642,2.62
565,huanren,CN,2020-04-14 13:06:09,41.26,125.37,17,50,45.211999999999954,1.37
566,kudahuvadhoo,MV,2020-04-14 13:06:09,2.67,72.89,40,68,85.64000000000001,1.42
567,pangnirtung,CA,2020-04-14 13:06:10,66.15,-65.71,20,66,14.269999999999957,1
568,kaliua,TZ,2020-04-14 13:06:10,-5.06,31.79,34,69,67.40600000000003,0.9
569,alyangula,AU,2020-04-14 13:06:10,-13.85,136.42,32,100,73.66999999999996,3.82
570,makakilo city,US,2020-04-14 13:06:10,21.35,-158.09,90,94,71.27599999999998,2.1
571,fuyang,CN,2020-04-14 13:06:10,32.9,115.82,84,82,54.5,2.07
572,hongjiang,CN,2020-04-14 13:06:10,27.11,110,0,69,58.00999999999998,1.71
573,ntcheu,MW,2020-04-14 13:06:10,-14.82,34.64,27,66,66.05600000000004,1.5
574,mizdah,LY,2020-04-14 13:06:10,31.45,12.98,100,22,82.23800000000006,10.77
575,hervey bay,AU,2020-04-14 13:06:11,-25.3,152.85,90,88,69.27799999999996,3.1
576,longido,TZ,2020-04-14 13:06:11,-2.73,36.68,98,58,68.91799999999998,2.97
577,puerto madryn,AR,2020-04-14 13:04:19,-42.77,-65.04,0,23,71.042,2.81
578,san ramon,US,2020-04-14 13:06:11,37.78,-121.98,1,42,71.86999999999996,2.1
579,nizhniy kuranakh,RU,2020-04-14 13:06:11,58.84,125.49,0,92,27.248000000000026,1.22
580,yokadouma,CM,2020-04-14 13:06:11,3.52,15.05,81,74,74.49800000000002,1.76
581,vao,NC,2020-04-14 13:06:11,-22.67,167.48,100,79,74.46199999999996,7.33
582,bihariganj,IN,2020-04-14 13:06:12,25.73,86.98,7,29,87.53000000000004,2.3
583,juneau,US,2020-04-14 13:05:41,58.3,-134.42,75,100,44.86999999999996,2.1
584,hojai,IN,2020-04-14 13:06:12,26,92.87,1,40,80.22200000000004,1.37
585,kapit,MY,2020-04-14 13:06:12,2.02,112.93,6,94,75.18200000000002,0.44
586,aasiaat,GL,2020-04-14 13:06:12,68.71,-52.87,100,97,26.851999999999975,5.81
587,tazovskiy,RU,2020-04-14 13:06:12,67.47,78.7,0,92,9.23000000000004,3.84
588,waunakee,US,2020-04-14 13:06:12,43.19,-89.46,90,37,36.266000000000005,9.8
589,krasnyy yar,RU,2020-04-14 13:06:12,46.53,48.35,75,71,50.26999999999996,6
590,fort nelson,CA,2020-04-14 13:06:13,58.81,-122.7,90,86,39.469999999999956,4.1
591,buraydah,SA,2020-04-14 13:05:54,26.33,43.98,75,60,73.66999999999996,7.2
592,isangel,VU,2020-04-14 13:06:13,-19.55,169.27,100,77,78.78200000000001,5.23
593,north bend,US,2020-04-14 13:06:13,43.41,-124.22,1,66,57.272000000000034,1.5
594,setermoen,NO,2020-04-14 13:06:13,68.86,18.35,75,47,34.06999999999996,9.3
595,el carmen,CO,2020-04-14 13:06:13,8.51,-73.45,65,32,90.23000000000005,1.45
596,bugulma,RU,2020-04-14 13:06:13,54.55,52.8,46,67,41.82799999999996,2.19
597,marcona,,,,,,,,
598,havelock,US,2020-04-14 13:02:26,34.88,-76.9,1,56,77.26999999999995,7.2
599,okandja,,,,,,,,
600,atlantic city,US,2020-04-14 13:02:12,39.36,-74.42,90,43,58.26199999999996,2.1
601,skiros,,,,,,,,
602,jalu,LY,2020-04-14 13:06:14,29.03,21.55,0,16,80.708,5.17
603,bintulu,MY,2020-04-14 13:06:14,3.17,113.03,75,88,82.66999999999996,2.1
604,umzimvubu,,,,,,,,
605,bosaso,SO,2020-04-14 13:06:15,11.28,49.18,31,65,85.28000000000004,2.2
606,eyl,SO,2020-04-14 13:06:15,7.98,49.82,85,72,84.81199999999995,5.49
607,aktash,RU,2020-04-14 13:06:15,50.3,87.73,33,44,28.075999999999986,0.97
608,arkhangelsk,RU,2020-04-14 13:02:50,64.54,40.54,40,83,39.469999999999956,4.96
609,innisfail,AU,2020-04-14 13:06:15,-17.53,146.03,76,90,74.642,3.66
610,orange cove,US,2020-04-14 13:06:15,36.62,-119.31,0,72,71.27599999999998,1.23
